{"stats":{"minecraft:used":{"securitycraft:sentry":1,"minecraft:dirt":3,"minecraft:stone":15,"minecraft:spruce_log":1},"minecraft:custom":{"minecraft:time_since_rest":6958,"minecraft:crouch_one_cm":1300,"minecraft:sprint_one_cm":6583,"minecraft:play_time":6958,"minecraft:damage_taken":70,"minecraft:walk_one_cm":11185,"minecraft:sneak_time":278,"minecraft:walk_under_water_one_cm":63,"minecraft:jump":84,"minecraft:damage_dealt":10,"minecraft:leave_game":2,"minecraft:walk_on_water_one_cm":575,"minecraft:time_since_death":6958,"minecraft:total_world_time":6958,"minecraft:swim_one_cm":681,"minecraft:fall_one_cm":1865,"minecraft:fly_one_cm":10541},"minecraft:mined":{"minecraft:grass_block":1,"minecraft:dirt":2,"minecraft:spruce_log":1,"minecraft:spruce_leaves":1,"minecraft:fern":1},"minecraft:picked_up":{"minecraft:spruce_log":1,"minecraft:dirt":3}},"DataVersion":3465}