{"stats":{"minecraft:picked_up":{"minecraft:spruce_log":1,"minecraft:dirt":3},"minecraft:custom":{"minecraft:time_since_rest":3959,"minecraft:crouch_one_cm":589,"minecraft:play_time":3959,"minecraft:sprint_one_cm":6057,"minecraft:damage_taken":70,"minecraft:walk_one_cm":5377,"minecraft:sneak_time":134,"minecraft:walk_under_water_one_cm":63,"minecraft:jump":62,"minecraft:time_since_death":3959,"minecraft:leave_game":1,"minecraft:walk_on_water_one_cm":575,"minecraft:total_world_time":3959,"minecraft:swim_one_cm":681,"minecraft:fly_one_cm":9665,"minecraft:fall_one_cm":1865},"minecraft:used":{"minecraft:dirt":3,"minecraft:spruce_log":1},"minecraft:mined":{"minecraft:grass_block":1,"minecraft:dirt":2,"minecraft:spruce_leaves":1,"minecraft:spruce_log":1,"minecraft:fern":1}},"DataVersion":3465}