{"stats":{"minecraft:mined":{"minecraft:grass_block":1,"minecraft:dirt":2,"minecraft:spruce_log":1,"minecraft:spruce_leaves":1,"minecraft:fern":1},"minecraft:picked_up":{"minecraft:spruce_log":1,"minecraft:dirt":3},"minecraft:custom":{"minecraft:time_since_rest":7428,"minecraft:crouch_one_cm":1366,"minecraft:sprint_one_cm":6583,"minecraft:play_time":7428,"minecraft:damage_taken":70,"minecraft:walk_one_cm":12874,"minecraft:sneak_time":286,"minecraft:walk_under_water_one_cm":63,"minecraft:jump":90,"minecraft:damage_dealt":10,"minecraft:leave_game":3,"minecraft:walk_on_water_one_cm":575,"minecraft:time_since_death":7428,"minecraft:total_world_time":7428,"minecraft:swim_one_cm":681,"minecraft:fall_one_cm":1865,"minecraft:fly_one_cm":10541},"minecraft:used":{"securitycraft:sentry":1,"minecraft:dirt":3,"minecraft:stone":15,"minecraft:spruce_log":1}},"DataVersion":3465}