{"stats":{"minecraft:used":{"minecraft:spruce_log":1},"minecraft:picked_up":{"minecraft:spruce_log":1},"minecraft:mined":{"minecraft:spruce_log":1},"minecraft:custom":{"minecraft:jump":9,"minecraft:time_since_rest":883,"minecraft:crouch_one_cm":589,"minecraft:sprint_one_cm":3322,"minecraft:leave_game":2,"minecraft:play_time":883,"minecraft:time_since_death":883,"minecraft:walk_one_cm":2383,"minecraft:sneak_time":97,"minecraft:total_world_time":883,"minecraft:fall_one_cm":209,"minecraft:fly_one_cm":1287}},"DataVersion":3465}